# Simple redirects from one path to another
/speaking /talks/ 301
/portfolio/hamamatsu /work/hamamatsu 301
/portfolio/america-for-president /work/america-for-president/ 301
/portfolio/medical-records-dot-com /work/medical-records-dot-com/ 301
/portfolio/topline-leadership /work/topline-leadership/ 301
/6-reasons-why-non-profits-need-a-blog/ /blog/6-reasons-why-non-profits-need-a-blog/ 301
/6-reasons-static-html-bad-nonprofit/ /blog/6-reasons-static-html-bad-nonprofit/ 301
/rss-important/ /blog/rss-important/ 301
/10kfor2010/ /blog/10kfor2010/ 301
/longest-climb/ /blog/longest-climb/ 301
/mongol-rally-2010-team-alliance/ /blog/mongol-rally-2010-team-alliance/ 301
/mr-splashy-pants/ /blog/mr-splashy-pants/ 301
/top-25-influential-nonprofit-tweeters/ /blog/top-25-influential-nonprofit-tweeters/ 301
/team-attitude-altitude/ /blog/team-attitude-altitude/ 301
/started-social-media/ /blog/started-social-media/ 301
/big-green-idea/ /blog/big-green-idea/ 301
/7-ways-email-social/ /blog/7-ways-email-social/ 301
/facebook-at-face-value/ /blog/facebook-at-face-value/ 301
/leveraging-social-media/ /blog/leveraging-social-media/ 301
/crowd-sourcing-innovative-social-change/ /blog/crowd-sourcing-innovative-social-change/ 301
/charity-trust/ /blog/charity-trust/ 301
/roadshow/ /blog/roadshow/ 301
/top-12-nonprofit-blogs/ /blog/top-12-nonprofit-blogs/ 301
/the-importance-of-user-generated-content-passion/ /blog/the-importance-of-user-generated-content-passion/ 301
/wtf-lung-cancer/ /blog/wtf-lung-cancer/ 301
/connecting-social-media/ /blog/connecting-social-media/ 301
/power-of-facebook/ /blog/power-of-facebook/ 301
/microaid-macro-results/ /blog/microaid-macro-results/ 301
/14-places-grab-great-images/ /blog/14-places-grab-great-images/ 301
/1000-wordpress-themes-npo-site/ /blog/1000-wordpress-themes-npo-site/ 301
/seo-5-tips-maximizing-nonprofits-website/ /blog/seo-5-tips-maximizing-nonprofits-website/ 301
/photographers-charity/ /blog/photographers-charity/ 301
/social-media-bookmarklet/ /blog/social-media-bookmarklet/ 301
/social-media-now/ /blog/social-media-now/ 301
/one-percent-foundation/ /blog/one-percent-foundation/ 301
/friends-like-us/ /blog/friends-like-us/ 301
/zen-social-media-marketing-shama-kabani/ /blog/zen-social-media-marketing-shama-kabani/ 301
/something-to-give/ /blog/something-to-give/ 301
/9-tips-successful-web-copy/ /blog/9-tips-successful-web-copy/ 301
/supporter-acquisition-retention/ /blog/supporter-acquisition-retention/ 301
/wings-refuge/ /blog/wings-refuge/ 301
/behavioral-economics-benefit-nonprofit/ /blog/behavioral-economics-benefit-nonprofit/ 301
/chimpanzee-sanctuary/ /blog/chimpanzee-sanctuary/ 301
/expert-interview-series-david-siteman-garland/ /blog/expert-interview-series-david-siteman-garland/ 301
/sharing-content-easy/ /blog/sharing-content-easy/ 301
/beyond-sight/ /blog/beyond-sight/ 301
/being-an-open-book/ /blog/being-an-open-book/ 301
/medico-helping-central-america/ /blog/medico-helping-central-america/ 301
/socialize-story/ /blog/socialize-story/ 301
/wordpress-plugins-improve-site/ /blog/wordpress-plugins-improve-site/ 301
/bears-on-patrol/ /blog/bears-on-patrol/ 301
/get-younger-generation-onboard1/ /blog/get-younger-generation-onboard1/ 301
/schedule-facebook-birthday-posts/ /blog/schedule-facebook-birthday-posts/ 301
/adopt-a-fisherman/ /blog/adopt-a-fisherman/ 301
/6-things-non-profits-ought-to-know-about-search-engine-optimization/ /blog/6-things-non-profits-ought-to-know-about-search-engine-optimization/ 301
/fund-raise-online/ /blog/fund-raise-online/ 301
/incorporate-audio-social-media-mix/ /blog/incorporate-audio-social-media-mix/ 301
/social-media-empower-fans-build-support/ /blog/social-media-empower-fans-build-support/ 301
/child-united/ /blog/child-united/ 301
/relationships-101/ /blog/relationships-101/ 301
/creating-content-strategy-drives-targeted-traffic-website/ /blog/creating-content-strategy-drives-targeted-traffic-website/ 301
/bequest-giving-program-organization/ /blog/bequest-giving-program-organization/ 301
/relationships-101-let-the-games-begin/ /blog/relationships-101-let-the-games-begin/ 301
/kids-are-heroes/ /blog/kids-are-heroes/ 301
/boost-website-performance/ /blog/boost-website-performance/ 301
/big-brothers-big-sisters-nyc/ /blog/big-brothers-big-sisters-nyc/ 301
/childrens-health-fund/ /blog/childrens-health-fund/ 301
/stay-in-touch/ /blog/stay-in-touch/ 301
/how-to-send-and-schedule-messages-to-all-of-your-social-profiles-at-once/ /blog/how-to-send-and-schedule-messages-to-all-of-your-social-profiles-at-once/ 301
/ballarat-cancer-research-centre-helping-the-fight-against-cancer/ /blog/ballarat-cancer-research-centre-helping-the-fight-against-cancer/ 301
/world-care/ /blog/world-care/ 301
/sponsorship-answering-the-questions/ /blog/sponsorship-answering-the-questions/ 301
/schedule-upload-send-your-social-media-messages-with-our-new-bulk-message-up-loader/ /blog/schedule-upload-send-your-social-media-messages-with-our-new-bulk-message-up-loader/ 301
/climbing-for-a-cause/ /blog/climbing-for-a-cause/ 301
/know-your-sector/ /blog/know-your-sector/ 301
/dwell-with-dignity/ /blog/dwell-with-dignity/ 301
/when-disaster-strikes/ /blog/when-disaster-strikes/ 301
/essential-blog-writing-tips/ /blog/essential-blog-writing-tips/ 301
/tapestries-of-hope/ /blog/tapestries-of-hope/ 301
/10-marketing-tips-for-nonprofits/ /blog/10-marketing-tips-for-nonprofits/ 301
/facebook-fan-page-analytics/ /blog/facebook-fan-page-analytics/ 301
/nonprofits-sustainable-social-media-marketing-campaigns/ /blog/nonprofits-sustainable-social-media-marketing-campaigns/ 301
/pakistan-floods/ /blog/pakistan-floods/ 301
/protecting-and-maintaining-your-organizations-reputation/ /blog/protecting-and-maintaining-your-organizations-reputation/ 301
/crowdsourcing-cancer-how-social-media-has-the-ability-to-change-lives/ /blog/crowdsourcing-cancer-how-social-media-has-the-ability-to-change-lives/ 301
/beckoning-for-change-artists-with-a-cause/ /blog/beckoning-for-change-artists-with-a-cause/ 301
/one-more-generation/ /blog/one-more-generation/ 301
/10-twitter-promotional-tips-for-non-profit-organisations/ /blog/10-twitter-promotional-tips-for-non-profit-organisations/ 301
/for-the-price-of-a-coffee-you-could-make-a-difference/ /blog/for-the-price-of-a-coffee-you-could-make-a-difference/ 301
/what-is-tweepml-and-what-can-it-do-for-my-cause/ /blog/what-is-tweepml-and-what-can-it-do-for-my-cause/ 301
/the-longest-climb-climbing-the-height-of-everest-for-charity/ /blog/the-longest-climb-climbing-the-height-of-everest-for-charity/ 301
/cure-to-the-kids-helping-raise-awareness-about-pediatric-cancer/ /blog/cure-to-the-kids-helping-raise-awareness-about-pediatric-cancer/ 301
/10-tips-for-subtle-fund-raising/ /blog/10-tips-for-subtle-fund-raising/ 301
/mona-foundation/ /blog/mona-foundation/ 301
/edmund-rice-development/ /blog/edmund-rice-development/ 301
/operation-christmas-child/ /blog/operation-christmas-child/ 301
/opportunity-fund/ /blog/opportunity-fund/ 301
/put-yourself-in-your-donors-shoes/ /blog/put-yourself-in-your-donors-shoes/ 301
/6-office-rental-tips-for-non-profits/ /blog/6-office-rental-tips-for-non-profits/ 301
/kids-wish-network/ /blog/kids-wish-network/ 301
/social-media-and-blogging/ /blog/social-media-and-blogging/ 301
/art-starts-bringing-communities-together-with-art/ /blog/art-starts-bringing-communities-together-with-art/ 301
/what-are-your-plans-for-2011/ /blog/what-are-your-plans-for-2011/ 301
/what-are-you-doing-for-others/ /blog/what-are-you-doing-for-others/ 301
/cause-of-the-week-heifer-international/ /blog/cause-of-the-week-heifer-international/ 301
/cause-of-the-week-the-boston-marathon/ /blog/cause-of-the-week-the-boston-marathon/ 301
/cause-of-the-week-broadview-community-youth-group/ /blog/cause-of-the-week-broadview-community-youth-group/ 301
/dont-be-afraid-of-the-blue-bird/ /blog/dont-be-afraid-of-the-blue-bird/ 301
/getting-your-message-across/ /blog/getting-your-message-across/ 301
/christmas-exchange/ /blog/christmas-exchange/ 301
/when-disaster-strikes-support-is-needed/ /blog/when-disaster-strikes-support-is-needed/ 301
/cause-of-the-week-v2-one-more-generation/ /blog/cause-of-the-week-v2-one-more-generation/ 301
/how-to-clean-out-huge-files-from-your-dropbox-quickly-and-easily-on-windows/ /blog/how-to-clean-out-huge-files-from-your-dropbox-quickly-and-easily-on-windows/ 301
/90-must-follow-wordpress-twitter-accounts/ /blog/90-must-follow-wordpress-twitter-accounts/ 301
/3-ways-to-get-more-from-buffer-and-ifttt/ /blog/3-ways-to-get-more-from-buffer-and-ifttt/ 301
/how-to-quickly-find-sites-to-guest-post-on-with-advanced-search-queries/ /blog/how-to-quickly-find-sites-to-guest-post-on-with-advanced-search-queries/ 301
/how-to-recover-your-wordpress-site-after-a-plugin-install-goes-wrong/ /blog/how-to-recover-your-wordpress-site-after-a-plugin-install-goes-wrong/ 301
/how-to-seed-build-facebook-fans-for-facebook-business-pages/ /blog/how-to-seed-build-facebook-fans-for-facebook-business-pages/ 301
/awesome-wordpress-snippet-to-debug-and-see-all-custom-post-meta-elements/ /blog/awesome-wordpress-snippet-to-debug-and-see-all-custom-post-meta-elements/ 301
/quick-start-guide-converse/ /blog/quick-start-guide-converse/ 301
/use-events-to-promote-your-non-profit-organization/ /blog/use-events-to-promote-your-non-profit-organization/ 301
/how-to-detect-specific-versions-of-internet-explorer-in-php-and-show-different-fallback-content/ /blog/how-to-detect-specific-versions-of-internet-explorer-in-php-and-show-different-fallback-content/ 301
/in-defeat-you-have-three-choices/ /blog/in-defeat-you-have-three-choices/ 301
/getting-advice/ /blog/getting-advice/ 301
/the-road-to-success/ /blog/the-road-to-success/ 301
/when-everyone-wants-a-peice/ /blog/when-everyone-wants-a-peice/ 301
/specialize-now/ /blog/specialize-now/ 301
/what-is-stopping-you/ /blog/what-is-stopping-you/ 301
/giving-100/ /blog/giving-100/ 301
/you-get-what-you-pay-for/ /blog/you-get-what-you-pay-for/ 301
/take-off-your-tinfoil-hat/ /blog/take-off-your-tinfoil-hat/ 301
/you-never-cross-the-same-river-twice/ /blog/you-never-cross-the-same-river-twice/ 301
/create-where-there-is-none/ /blog/create-where-there-is-none/ 301
/learn-to-code/ /blog/learn-to-code/ 301
/on-progress/ /blog/on-progress/ 301
/internet-you-vs-actual-you/ /blog/internet-you-vs-actual-you/ 301
/out-of-focus/ /blog/out-of-focus/ 301
/to-do-list-bankruptcy/ /blog/to-do-list-bankruptcy/ 301
/add-search-engine-indexable-github-gists-to-your-wordpress-site/ /blog/add-search-engine-indexable-github-gists-to-your-wordpress-site/ 301
/serverside-react-rendering-isomorphic-javascript-with-reactjs-node/ /blog/serverside-react-rendering-isomorphic-javascript-with-reactjs-node/ 301
/batch-edit-categories-tags-for-specific-posts-in-wordpress/ /blog/batch-edit-categories-tags-for-specific-posts-in-wordpress/ 301
/fixing-ux-for-responsive-sites/ /blog/fixing-ux-for-responsive-sites/ 301
/future-javascript-how-react-angular-2-and-library-xyz-can-live-together-in-harmony/ /blog/future-javascript-how-react-angular-2-and-library-xyz-can-live-together-in-harmony/ 301
/run-javascript-function-on-a-specific-day/ /blog/run-javascript-function-on-a-specific-day/ 301
/calm-js-form-validation-for-angry-people/ /blog/calm-js-form-validation-for-angry-people/ 301
/angular-react-ember-visible-render-speeds-compared/ /blog/angular-react-ember-visible-render-speeds-compared/ 301
/your-user-is-drunk/ /blog/your-user-is-drunk/ 301
/speed-up-your-git-workflow/ /blog/speed-up-your-git-workflow/ 301
/your-pedigree-means-shit/ /blog/your-pedigree-means-shit/ 301
/what-makes-great-documentation/ /blog/what-makes-great-documentation/ 301
/how-to-import-your-external-links-and-posts-into-wordpress-via-javascript/ /blog/how-to-import-your-external-links-and-posts-into-wordpress-via-javascript/ 301
/what-is-postcss/ /blog/what-is-postcss/ 301
/using-the-css-nope-selector/ /blog/using-the-css-nope-selector/ 301
/react-pattern-render-children-in-parent-components/ /blog/react-pattern-render-children-in-parent-components/ 301
/publishing-flat-npm-packages-for-easier-import-paths-smaller-consumer-bundle-sizes/ /blog/publishing-flat-npm-packages-for-easier-import-paths-smaller-consumer-bundle-sizes/ 301
/what-is-electron-and-why-you-should-care/ /blog/what-is-electron-and-why-you-should-care/ 301
/create-deploy-static-sites-demos-seconds/ /blog/create-deploy-static-sites-demos-seconds/ 301
/speed-up-your-ava-or-mocha-testing-feedback-loop-using-the-only-flag/ /blog/speed-up-your-ava-or-mocha-testing-feedback-loop-using-the-only-flag/ 301
/navigate-github-project-files-dependencies-faster-with-octolinker/ /blog/navigate-github-project-files-dependencies-faster-with-octolinker/ 301
/how-to-easily-keep-project-dependencies-up-to-date-with-greenkeeper-io/ /blog/how-to-easily-keep-project-dependencies-up-to-date-with-greenkeeper-io/ 301
/javascript-community-thank-you-letter/ /blog/javascript-community-thank-you-letter/ 301
/practical-advice-on-learning-to-code/ /blog/practical-advice-on-learning-to-code/ 301
/the-serverless-revolution/ /blog/the-serverless-revolution/ 301
/react-the-ui-library-renders-everywhere/ /blog/react-the-ui-library-renders-everywhere/ 301
/using-alfred-speed-common-developer-tasks/ /blog/using-alfred-speed-common-developer-tasks/ 301
/do-i-really-need-css-modules/ /blog/do-i-really-need-css-modules/ 301
/react-prop-type-best-practices/ /blog/react-prop-type-best-practices/ 301
/easy-markdown/ /blog/easy-markdown/ 301
/fixing-broken-use-tags-from-inline-svg-sprites/ /blog/fixing-broken-use-tags-from-inline-svg-sprites/ 301
/19-open-source-react-component-libraries-to-use-in-your-next-project/ /blog/19-open-source-react-component-libraries-to-use-in-your-next-project/ 301
/navigate-github-projects-like-boss-octotree/ /blog/navigate-github-projects-like-boss-octotree/ 301
/autocomplete-for-react-component-proptypes/ /blog/autocomplete-for-react-component-proptypes/ 301
/react-react-router-static-html-service-workers-fast-site/ /blog/react-react-router-static-html-service-workers-fast-site/ 301
